INSERT INTO b_file(ID, TIMESTAMP_X, MODULE_ID, HEIGHT, WIDTH, FILE_SIZE, CONTENT_TYPE, SUBDIR, FILE_NAME, ORIGINAL_NAME, DESCRIPTION, HANDLER_ID, EXTERNAL_ID) VALUES (1, '2023-04-18 19:58:35', '', 600, 600, 458845, 'image/png', '/resources/image/baseCollection', 'logo.png', 'logo.png', '', null, 'logo');
INSERT INTO b_file(ID, TIMESTAMP_X, MODULE_ID, HEIGHT, WIDTH, FILE_SIZE, CONTENT_TYPE, SUBDIR, FILE_NAME, ORIGINAL_NAME, DESCRIPTION, HANDLER_ID, EXTERNAL_ID) VALUES (8, '2023-05-01 13:08:46', '', 859, 840, 25902, 'image/png', '/resources/image/baseCollection', 'user.png', 'user.png', '', null, 'user');
INSERT INTO b_file(ID, TIMESTAMP_X, MODULE_ID, HEIGHT, WIDTH, FILE_SIZE, CONTENT_TYPE, SUBDIR, FILE_NAME, ORIGINAL_NAME, DESCRIPTION, HANDLER_ID, EXTERNAL_ID) VALUES (9, '2023-05-10 12:59:58', '', 200, 200, 20385, 'image/jpeg', '/resources/image/97e', 'zw2jth5vja1ab4awq3cnxx8xfbnunoap.jpg', 'DULFER-Candy-2.jpg', '', null, '7258f017d770b3f3501b6392cc42d73d');
INSERT INTO b_file(ID, TIMESTAMP_X, MODULE_ID, HEIGHT, WIDTH, FILE_SIZE, CONTENT_TYPE, SUBDIR, FILE_NAME, ORIGINAL_NAME, DESCRIPTION, HANDLER_ID, EXTERNAL_ID) VALUES (13, '2023-05-10 13:06:19', '', 0, 0, 10481664, 'audio/mpeg', '/resources/music/29a', 'gdrsslkdnd3jgarfwxvf9q1yicz53e43.mp3', 'candy-dulfer-ft.-dave-stewart-lily-was-here.mp3', '', null, 'c8dec75899e65b3fe1d74e354cb1f161');
INSERT INTO b_file(ID, TIMESTAMP_X, MODULE_ID, HEIGHT, WIDTH, FILE_SIZE, CONTENT_TYPE, SUBDIR, FILE_NAME, ORIGINAL_NAME, DESCRIPTION, HANDLER_ID, EXTERNAL_ID) VALUES (14, '2023-05-10 13:25:52', '', 200, 200, 22400, 'image/jpeg', '/resources/image/e1d', 'tg83o9td7luhbwr0q86cd0mrzcdz49zf.jpg', 'photo_5393350331380910187_m.jpg', '', null, '0d90c33feb535a320f1cebbb87339925');
INSERT INTO b_file(ID, TIMESTAMP_X, MODULE_ID, HEIGHT, WIDTH, FILE_SIZE, CONTENT_TYPE, SUBDIR, FILE_NAME, ORIGINAL_NAME, DESCRIPTION, HANDLER_ID, EXTERNAL_ID) VALUES (15, '2023-05-10 13:29:07', '', 200, 200, 19873, 'image/jpeg', '/resources/image/7e3', 'qsxszqpiloojsbsft74igujtoez9bvbl.jpg', 'the-spaghetti-western-orchestra-tickets-heymann-performing-arts-center_13038986836278.png.jpg', '', null, '81ae06b0253abd8fd537b75ba3e9dabe');
INSERT INTO b_file(ID, TIMESTAMP_X, MODULE_ID, HEIGHT, WIDTH, FILE_SIZE, CONTENT_TYPE, SUBDIR, FILE_NAME, ORIGINAL_NAME, DESCRIPTION, HANDLER_ID, EXTERNAL_ID) VALUES (16, '2023-05-10 13:29:07', '', 0, 0, 10481664, 'audio/mpeg', '/resources/music/29a', 'gdrsslkdnd3jgarfwxvf9q1yicz53e43.mp3', 'candy-dulfer-ft.-dave-stewart-lily-was-here.mp3', '', null, '828873c331d73108c9363c5fb9916938');
INSERT INTO b_file(ID, TIMESTAMP_X, MODULE_ID, HEIGHT, WIDTH, FILE_SIZE, CONTENT_TYPE, SUBDIR, FILE_NAME, ORIGINAL_NAME, DESCRIPTION, HANDLER_ID, EXTERNAL_ID) VALUES (17, '2023-05-10 13:30:05', '', 200, 200, 31503, 'image/jpeg', '/resources/image/8f9', 'x5z9hc9bkxaqgnkq0nk47tk384j8owxe.jpg', '1680891745_kartinki-pibig-info-p-dzhaz-kartinki-dlya-prezentatsii-arti-31.jpg', '', null, 'ea0ccf1acee1adff81e859ed14c6a27c');
INSERT INTO b_file(ID, TIMESTAMP_X, MODULE_ID, HEIGHT, WIDTH, FILE_SIZE, CONTENT_TYPE, SUBDIR, FILE_NAME, ORIGINAL_NAME, DESCRIPTION, HANDLER_ID, EXTERNAL_ID) VALUES (18, '2023-05-10 13:30:05', '', 0, 0, 8920178, 'audio/mpeg', '/resources/music/693', 'drwvtwhr93dmjekq4yqqyaymq0kakn5d.mp3', 'candy-dulfer-hold-up.mp3', '', null, '094dee08df912183c2c555ce6b33c69d');
INSERT INTO b_file(ID, TIMESTAMP_X, MODULE_ID, HEIGHT, WIDTH, FILE_SIZE, CONTENT_TYPE, SUBDIR, FILE_NAME, ORIGINAL_NAME, DESCRIPTION, HANDLER_ID, EXTERNAL_ID) VALUES (19, '2023-05-10 13:30:50', '', 200, 200, 34946, 'image/jpeg', '/resources/image/651', 'zq79ujqe4mpvhtqi6q0nhvapjo0ez0aw.jpg', '1680891811_kartinki-pibig-info-p-dzhaz-kartinki-dlya-prezentatsii-arti-24.jpg', '', null, '008fc358b5d730f469f9bdb7c67cab3c');
INSERT INTO b_file(ID, TIMESTAMP_X, MODULE_ID, HEIGHT, WIDTH, FILE_SIZE, CONTENT_TYPE, SUBDIR, FILE_NAME, ORIGINAL_NAME, DESCRIPTION, HANDLER_ID, EXTERNAL_ID) VALUES (20, '2023-05-10 13:30:50', '', 0, 0, 12719221, 'audio/mpeg', '/resources/music/d23', 'kvvam15tc6u41n127oj7wdcc7iizov1f.mp3', 'candy-dulfer-out-of-time-for-p.mp3', '', null, '10a5e017406c515e9dc3bdb2dbf417ca');
INSERT INTO b_file(ID, TIMESTAMP_X, MODULE_ID, HEIGHT, WIDTH, FILE_SIZE, CONTENT_TYPE, SUBDIR, FILE_NAME, ORIGINAL_NAME, DESCRIPTION, HANDLER_ID, EXTERNAL_ID) VALUES (21, '2023-05-10 13:31:21', '', 200, 200, 22211, 'image/jpeg', '/resources/image/6eb', 'biqhx2985pea67kvpqt07pz6e01kg41a.jpeg', 'джаз.jpeg', '', null, '15bb1e53fe14892f97a687fb247e6198');
INSERT INTO b_file(ID, TIMESTAMP_X, MODULE_ID, HEIGHT, WIDTH, FILE_SIZE, CONTENT_TYPE, SUBDIR, FILE_NAME, ORIGINAL_NAME, DESCRIPTION, HANDLER_ID, EXTERNAL_ID) VALUES (22, '2023-05-10 13:31:21', '', 0, 0, 17848899, 'audio/mpeg', '/resources/music/bea', 'nkwj8qj7sfkcaqm6alxg5un4y2c9y3ue.mp3', 'candy-dulfer-sunday-afternoon.mp3', '', null, '8ac9d151e80c546f3c5ae3ac8f734e20');
INSERT INTO b_file(ID, TIMESTAMP_X, MODULE_ID, HEIGHT, WIDTH, FILE_SIZE, CONTENT_TYPE, SUBDIR, FILE_NAME, ORIGINAL_NAME, DESCRIPTION, HANDLER_ID, EXTERNAL_ID) VALUES (23, '2023-05-10 13:33:58', '', 200, 200, 13443, 'image/jpeg', '/resources/image/251', '28qndltiaj79s9ww54uxfq6ddqcy37v3.jpg', '29b61eabaeb96957a3b7d70105f4320672.jpg', '', null, '30b1183cb84e87f828330eda387a3a30');
INSERT INTO b_file(ID, TIMESTAMP_X, MODULE_ID, HEIGHT, WIDTH, FILE_SIZE, CONTENT_TYPE, SUBDIR, FILE_NAME, ORIGINAL_NAME, DESCRIPTION, HANDLER_ID, EXTERNAL_ID) VALUES (24, '2023-05-10 13:33:58', '', 0, 0, 9732777, 'audio/mpeg', '/resources/music/579', '35r33171gswkl9nu41aa6yi2arzti79y.mp3', 'capital-cities-vs.-hardsoul-candy-dulfer-safe-and-sound-alex-menco-boot-mix.mp3', '', null, '0a3a78f00c1c570823fbc0800d5ef658');
INSERT INTO b_file(ID, TIMESTAMP_X, MODULE_ID, HEIGHT, WIDTH, FILE_SIZE, CONTENT_TYPE, SUBDIR, FILE_NAME, ORIGINAL_NAME, DESCRIPTION, HANDLER_ID, EXTERNAL_ID) VALUES (25, '2023-05-10 13:39:09', '', 200, 200, 22110, 'image/jpeg', '/resources/image/b9f', '2cc58neq6ifmszithu8g48df74ycpdts.jpg', '1680891790_kartinki-pibig-info-p-dzhaz-kartinki-dlya-prezentatsii-arti-14.jpg', '', null, 'cdd3715327a2dde8d9fb64cf6e69c845');
INSERT INTO b_file(ID, TIMESTAMP_X, MODULE_ID, HEIGHT, WIDTH, FILE_SIZE, CONTENT_TYPE, SUBDIR, FILE_NAME, ORIGINAL_NAME, DESCRIPTION, HANDLER_ID, EXTERNAL_ID) VALUES (26, '2023-05-10 13:39:09', '', 0, 0, 6768990, 'audio/mpeg', '/resources/music/184', '4c6zcu0i1x5neqy9uk7t3t4pq1mna14l.mp3', 'ella-fitzgerald-my-funny-valentine.mp3', '', null, '4070acc6415a48fdeae903f140013e51');
INSERT INTO b_file(ID, TIMESTAMP_X, MODULE_ID, HEIGHT, WIDTH, FILE_SIZE, CONTENT_TYPE, SUBDIR, FILE_NAME, ORIGINAL_NAME, DESCRIPTION, HANDLER_ID, EXTERNAL_ID) VALUES (27, '2023-05-10 13:40:00', '', 200, 200, 21669, 'image/jpeg', '/resources/image/ad2', 'yp5zoea3wpdbbc06ydby6sghako6ajc6.jpg', '1680891800_kartinki-pibig-info-p-dzhaz-kartinki-dlya-prezentatsii-arti-23.jpg', '', null, 'ded0eddb45274a53684e6ad388eef354');
INSERT INTO b_file(ID, TIMESTAMP_X, MODULE_ID, HEIGHT, WIDTH, FILE_SIZE, CONTENT_TYPE, SUBDIR, FILE_NAME, ORIGINAL_NAME, DESCRIPTION, HANDLER_ID, EXTERNAL_ID) VALUES (28, '2023-05-10 13:40:00', '', 0, 0, 2309596, 'audio/mpeg', '/resources/music/a54', 'puh4bsfs91yq0gi54pky98xbv1y3pw96.mp3', 'ella-fitzgerald-frosty-the-snowman.mp3', '', null, 'd83a3f9a8cc84e1e83b613bf83207df4');
INSERT INTO b_file(ID, TIMESTAMP_X, MODULE_ID, HEIGHT, WIDTH, FILE_SIZE, CONTENT_TYPE, SUBDIR, FILE_NAME, ORIGINAL_NAME, DESCRIPTION, HANDLER_ID, EXTERNAL_ID) VALUES (29, '2023-05-10 13:40:26', '', 200, 200, 21788, 'image/jpeg', '/resources/image/0bf', 'go3cm2vezei0e1aoyskcc7dkcmjiwsqk.jpg', '1680891842_kartinki-pibig-info-p-dzhaz-kartinki-dlya-prezentatsii-arti-76.jpg', '', null, '33c058df983a4895d8e301e7ac24bd84');
INSERT INTO b_file(ID, TIMESTAMP_X, MODULE_ID, HEIGHT, WIDTH, FILE_SIZE, CONTENT_TYPE, SUBDIR, FILE_NAME, ORIGINAL_NAME, DESCRIPTION, HANDLER_ID, EXTERNAL_ID) VALUES (30, '2023-05-10 13:40:26', '', 0, 0, 11869039, 'audio/mpeg', '/resources/music/304', 'yzy6wrg3bacyla569cwoymnt4w9bm0y1.mp3', 'ella-fitzgerald-amp-louis-armstrong-summertime.mp3', '', null, 'f30d359acf28f9980a274c35c6bdf5eb');
INSERT INTO b_file(ID, TIMESTAMP_X, MODULE_ID, HEIGHT, WIDTH, FILE_SIZE, CONTENT_TYPE, SUBDIR, FILE_NAME, ORIGINAL_NAME, DESCRIPTION, HANDLER_ID, EXTERNAL_ID) VALUES (31, '2023-05-10 13:41:00', '', 200, 200, 18262, 'image/jpeg', '/resources/image/fca', 'oy7gu2cjts2fomefwguqp2fshg4bj5od.jpg', '1680891871_kartinki-pibig-info-p-dzhaz-kartinki-dlya-prezentatsii-arti-60.jpg', '', null, '29e00e9c60fb3b41696560cc7d995b39');
INSERT INTO b_file(ID, TIMESTAMP_X, MODULE_ID, HEIGHT, WIDTH, FILE_SIZE, CONTENT_TYPE, SUBDIR, FILE_NAME, ORIGINAL_NAME, DESCRIPTION, HANDLER_ID, EXTERNAL_ID) VALUES (32, '2023-05-10 13:41:00', '', 0, 0, 15577382, 'audio/mpeg', '/resources/music/207', 'il1s4766k421kmgw94oy5liygpksv9p5.mp3', 'ella-fitzgerald-st.-louis-blues.mp3', '', null, '670aa354ec780f8f85426b08a8f5b3ba');
INSERT INTO b_file(ID, TIMESTAMP_X, MODULE_ID, HEIGHT, WIDTH, FILE_SIZE, CONTENT_TYPE, SUBDIR, FILE_NAME, ORIGINAL_NAME, DESCRIPTION, HANDLER_ID, EXTERNAL_ID) VALUES (33, '2023-05-10 13:41:37', '', 200, 200, 18425, 'image/jpeg', '/resources/image/742', 'kr82ko6gzb395m4tddmv4aclvo5o4b1v.jpg', 'Без имени.jpg', '', null, '567adea2893772ebb26f70e64edb5957');
INSERT INTO b_file(ID, TIMESTAMP_X, MODULE_ID, HEIGHT, WIDTH, FILE_SIZE, CONTENT_TYPE, SUBDIR, FILE_NAME, ORIGINAL_NAME, DESCRIPTION, HANDLER_ID, EXTERNAL_ID) VALUES (34, '2023-05-10 13:41:37', '', 0, 0, 5673271, 'audio/mpeg', '/resources/music/6a2', 'zg7ultnvcrmd1bbd95qty1frbp5vbr58.mp3', 'ella-fitzgerald-wait-till-you-see-him-de-phazz-remix.mp3', '', null, '46aece76034a0989b77037c44ed7f94b');
INSERT INTO b_file(ID, TIMESTAMP_X, MODULE_ID, HEIGHT, WIDTH, FILE_SIZE, CONTENT_TYPE, SUBDIR, FILE_NAME, ORIGINAL_NAME, DESCRIPTION, HANDLER_ID, EXTERNAL_ID) VALUES (35, '2023-05-10 13:42:43', '', 200, 200, 18425, 'image/jpeg', '/resources/image/742', 'kr82ko6gzb395m4tddmv4aclvo5o4b1v.jpg', 'Без имени.jpg', '', null, '03ae962884e3564407bf10272c149c75');
INSERT INTO b_file(ID, TIMESTAMP_X, MODULE_ID, HEIGHT, WIDTH, FILE_SIZE, CONTENT_TYPE, SUBDIR, FILE_NAME, ORIGINAL_NAME, DESCRIPTION, HANDLER_ID, EXTERNAL_ID) VALUES (36, '2023-05-10 13:42:52', '', 200, 200, 14185, 'image/jpeg', '/resources/image/9ce', '0twp0j3rcwv2ka2hrbrz9fm2wzjbb24d.jpg', 'bio-banner.-compressed.jpg', '', null, '81d74075c75ff780e10cf8e4f2d74912');
INSERT INTO b_file(ID, TIMESTAMP_X, MODULE_ID, HEIGHT, WIDTH, FILE_SIZE, CONTENT_TYPE, SUBDIR, FILE_NAME, ORIGINAL_NAME, DESCRIPTION, HANDLER_ID, EXTERNAL_ID) VALUES (37, '2023-05-10 13:47:27', '', 200, 200, 23283, 'image/jpeg', '/resources/image/e6b', 'hud1izjmrpf9z3jv9asipyo8ob7qaioi.jpg', 'медляк.jpg', '', null, '098450064d320471aa6c9f95367a3e25');
INSERT INTO b_file(ID, TIMESTAMP_X, MODULE_ID, HEIGHT, WIDTH, FILE_SIZE, CONTENT_TYPE, SUBDIR, FILE_NAME, ORIGINAL_NAME, DESCRIPTION, HANDLER_ID, EXTERNAL_ID) VALUES (38, '2023-05-10 13:47:27', '', 0, 0, 13407147, 'audio/mpeg', '/resources/music/d4d', '9oprkv3j8hvi6nuwiwcaame4hgkdnjbc.mp3', 'basta-vypusknojj-medljachok.mp3', '', null, '0eb963ed6f50c1505fb7b8fb346674e3');
INSERT INTO b_file(ID, TIMESTAMP_X, MODULE_ID, HEIGHT, WIDTH, FILE_SIZE, CONTENT_TYPE, SUBDIR, FILE_NAME, ORIGINAL_NAME, DESCRIPTION, HANDLER_ID, EXTERNAL_ID) VALUES (39, '2023-05-10 13:48:06', '', 200, 200, 12562, 'image/jpeg', '/resources/image/1c7', 'm3w3jrwabqaqekbx0e56aozz48tpitey.jpg', 'осень.jpg', '', null, '1c995d00c57124e5f596b2a00061c8b7');
INSERT INTO b_file(ID, TIMESTAMP_X, MODULE_ID, HEIGHT, WIDTH, FILE_SIZE, CONTENT_TYPE, SUBDIR, FILE_NAME, ORIGINAL_NAME, DESCRIPTION, HANDLER_ID, EXTERNAL_ID) VALUES (40, '2023-05-10 13:48:06', '', 0, 0, 5105623, 'audio/mpeg', '/resources/music/c39', '4pxqajchk76tslux6b3j1dmn2j03gklg.mp3', 'basta-osen.mp3', '', null, '34b1fb9a62bbeeeba80a9208036b2b94');
INSERT INTO b_file(ID, TIMESTAMP_X, MODULE_ID, HEIGHT, WIDTH, FILE_SIZE, CONTENT_TYPE, SUBDIR, FILE_NAME, ORIGINAL_NAME, DESCRIPTION, HANDLER_ID, EXTERNAL_ID) VALUES (41, '2023-05-10 13:49:44', '', 200, 200, 14345, 'image/jpeg', '/resources/image/13a', 'vn4b1pt0v6ucnt6ccm0kupc937gy5nxq.jpg', 'райские яблоки.jpg', '', null, '092ffa7afc27b249565f42fcc103e687');
INSERT INTO b_file(ID, TIMESTAMP_X, MODULE_ID, HEIGHT, WIDTH, FILE_SIZE, CONTENT_TYPE, SUBDIR, FILE_NAME, ORIGINAL_NAME, DESCRIPTION, HANDLER_ID, EXTERNAL_ID) VALUES (42, '2023-05-10 13:49:44', '', 0, 0, 6687391, 'audio/mpeg', '/resources/music/7f9', 'sn2pt27rhrsruqz8y112q3cacwttkeq2.mp3', 'basta-rajjskie-jabloki.mp3', '', null, '0b570f86aba8d916cf4f8c9fe6061de8');
INSERT INTO b_file(ID, TIMESTAMP_X, MODULE_ID, HEIGHT, WIDTH, FILE_SIZE, CONTENT_TYPE, SUBDIR, FILE_NAME, ORIGINAL_NAME, DESCRIPTION, HANDLER_ID, EXTERNAL_ID) VALUES (43, '2023-05-10 13:50:28', '', 200, 200, 11475, 'image/jpeg', '/resources/image/fe8', '4mwvc9r5fv9vk7x83adjd6tdngvm92in.jpg', 'так плачет весна.jpg', '', null, '05e1fa4ff4cac676460e4eb8a65afa5c');
INSERT INTO b_file(ID, TIMESTAMP_X, MODULE_ID, HEIGHT, WIDTH, FILE_SIZE, CONTENT_TYPE, SUBDIR, FILE_NAME, ORIGINAL_NAME, DESCRIPTION, HANDLER_ID, EXTERNAL_ID) VALUES (44, '2023-05-10 13:50:28', '', 0, 0, 5592757, 'audio/mpeg', '/resources/music/b45', 'xspd90iicurokvlbpjch2tfy8jj1slcx.mp3', 'basta-tak-plachet-vesna.mp3', '', null, 'd06dbec4d028da7a41fedb5a2a0c6874');
INSERT INTO b_file(ID, TIMESTAMP_X, MODULE_ID, HEIGHT, WIDTH, FILE_SIZE, CONTENT_TYPE, SUBDIR, FILE_NAME, ORIGINAL_NAME, DESCRIPTION, HANDLER_ID, EXTERNAL_ID) VALUES (45, '2023-05-10 13:51:06', '', 200, 200, 31322, 'image/png', '/resources/image/f18', 'qj47c8b208x2jizeshiypw1pbg12w9g7.png', 'твоя любовь кино.png', '', null, 'db95e9dfb10c9649227c79ab16b2f1bf');
INSERT INTO b_file(ID, TIMESTAMP_X, MODULE_ID, HEIGHT, WIDTH, FILE_SIZE, CONTENT_TYPE, SUBDIR, FILE_NAME, ORIGINAL_NAME, DESCRIPTION, HANDLER_ID, EXTERNAL_ID) VALUES (46, '2023-05-10 13:51:06', '', 0, 0, 4146198, 'audio/mpeg', '/resources/music/6fe', 'ou7q76nszekei4snnk8n1coww4qhs45f.mp3', 'basta-tvoja-ljubov-kino.mp3', '', null, '7e50a09238c7fb277b229ac51b201e12');
INSERT INTO b_file(ID, TIMESTAMP_X, MODULE_ID, HEIGHT, WIDTH, FILE_SIZE, CONTENT_TYPE, SUBDIR, FILE_NAME, ORIGINAL_NAME, DESCRIPTION, HANDLER_ID, EXTERNAL_ID) VALUES (47, '2023-05-10 13:51:23', '', 200, 200, 14167, 'image/jpeg', '/resources/image/d58', 'l4vepl376ylbkcsmhuccgbedigvq14qh.jpg', 'basta_5.jpg', '', null, '2a1b60088ee8ecae6fb8dbf054cb9f56');
INSERT INTO b_file(ID, TIMESTAMP_X, MODULE_ID, HEIGHT, WIDTH, FILE_SIZE, CONTENT_TYPE, SUBDIR, FILE_NAME, ORIGINAL_NAME, DESCRIPTION, HANDLER_ID, EXTERNAL_ID) VALUES (48, '2023-05-10 13:53:37', '', 200, 200, 17173, 'image/jpeg', '/resources/image/714', '6uu6zc0ga3unudugeyteqpq06ul9q1h6.jpeg', 'we made you.jpeg', '', null, '0e4c49bbaa9dbfbd8c2304fe0bda0f3e');
INSERT INTO b_file(ID, TIMESTAMP_X, MODULE_ID, HEIGHT, WIDTH, FILE_SIZE, CONTENT_TYPE, SUBDIR, FILE_NAME, ORIGINAL_NAME, DESCRIPTION, HANDLER_ID, EXTERNAL_ID) VALUES (49, '2023-05-10 13:53:37', '', 0, 0, 7081473, 'audio/mpeg', '/resources/music/e77', 'ziv8yzjtf26c7bnufifw4l595t2zyivj.mp3', 'Eminem - We Made You.mp3', '', null, 'd44f91613f9238b5f282a37b0cd64fb1');
INSERT INTO b_file(ID, TIMESTAMP_X, MODULE_ID, HEIGHT, WIDTH, FILE_SIZE, CONTENT_TYPE, SUBDIR, FILE_NAME, ORIGINAL_NAME, DESCRIPTION, HANDLER_ID, EXTERNAL_ID) VALUES (50, '2023-05-10 13:54:03', '', 200, 200, 15124, 'image/jpeg', '/resources/image/55b', 'plsfauvp6j48srut52b6zrjzg8kkdo9j.jpg', 'mockingbird.jpg', '', null, 'f6cf74122fe9af8ec321fedeb5b1fcc4');
INSERT INTO b_file(ID, TIMESTAMP_X, MODULE_ID, HEIGHT, WIDTH, FILE_SIZE, CONTENT_TYPE, SUBDIR, FILE_NAME, ORIGINAL_NAME, DESCRIPTION, HANDLER_ID, EXTERNAL_ID) VALUES (51, '2023-05-10 13:54:03', '', 0, 0, 14550247, 'audio/mpeg', '/resources/music/4c9', 'utyx8hepmgitrl5onqz2vch6ucfyoqs5.mp3', 'Eminem - Rap God.mp3', '', null, '5ce31dfaec2e63811aae34ae3b0dfe1a');
INSERT INTO b_file(ID, TIMESTAMP_X, MODULE_ID, HEIGHT, WIDTH, FILE_SIZE, CONTENT_TYPE, SUBDIR, FILE_NAME, ORIGINAL_NAME, DESCRIPTION, HANDLER_ID, EXTERNAL_ID) VALUES (52, '2023-05-10 13:54:31', '', 200, 200, 16774, 'image/jpeg', '/resources/image/0a9', 'ws965abkdxq93xx2el0dgp4cii0ulmzz.jpg', 'eminem off the wall.jpg', '', null, '654978fa5dd042a09442ca5cb40c1ebf');
INSERT INTO b_file(ID, TIMESTAMP_X, MODULE_ID, HEIGHT, WIDTH, FILE_SIZE, CONTENT_TYPE, SUBDIR, FILE_NAME, ORIGINAL_NAME, DESCRIPTION, HANDLER_ID, EXTERNAL_ID) VALUES (53, '2023-05-10 13:54:31', '', 0, 0, 4282376, 'audio/mpeg', '/resources/music/be1', 'gmv58ga7mcwd98rcismn7msj73wkg07y.mp3', 'Eminem - Off The Wall.mp3', '', null, '322a9f8b3148368f326e68495e7c2613');
INSERT INTO b_file(ID, TIMESTAMP_X, MODULE_ID, HEIGHT, WIDTH, FILE_SIZE, CONTENT_TYPE, SUBDIR, FILE_NAME, ORIGINAL_NAME, DESCRIPTION, HANDLER_ID, EXTERNAL_ID) VALUES (55, '2023-05-10 13:55:47', '', 200, 200, 15660, 'image/jpeg', '/resources/image/0c2', '2mwc11hv9m7ithy9x4u39tkabwe9p8jx.jpg', 'MV5BMDg1NTY0MjItZDk3NS00M2JiLWJmZjgtMTE3Mjg4MTdmOGE5XkEyXkFqcGdeQXVyNzU3Nzk4MDQ@._V1_.jpg', '', null, 'eb96be266552e3ef97ccd95363bfae70');
INSERT INTO b_file(ID, TIMESTAMP_X, MODULE_ID, HEIGHT, WIDTH, FILE_SIZE, CONTENT_TYPE, SUBDIR, FILE_NAME, ORIGINAL_NAME, DESCRIPTION, HANDLER_ID, EXTERNAL_ID) VALUES (56, '2023-05-10 13:55:47', '', 0, 0, 5598585, 'audio/mpeg', '/resources/music/192', 'uu4ieudzq149iyoyabpc7vk8gsu0xyp1.mp3', 'Eminem - Not afraid.mp3', '', null, 'dff3c887679738253d6e71b3ffcbdb5a');
INSERT INTO b_file(ID, TIMESTAMP_X, MODULE_ID, HEIGHT, WIDTH, FILE_SIZE, CONTENT_TYPE, SUBDIR, FILE_NAME, ORIGINAL_NAME, DESCRIPTION, HANDLER_ID, EXTERNAL_ID) VALUES (57, '2023-05-10 13:56:15', '', 200, 200, 22729, 'image/jpeg', '/resources/image/d47', '4aidg2qzfxx1saxklbl2g9da2qka7szu.jpg', '2013.11.22-eminem-rap-god.jpg', '', null, 'a466bb66b9db424da1e21ee77dc13761');
INSERT INTO b_file(ID, TIMESTAMP_X, MODULE_ID, HEIGHT, WIDTH, FILE_SIZE, CONTENT_TYPE, SUBDIR, FILE_NAME, ORIGINAL_NAME, DESCRIPTION, HANDLER_ID, EXTERNAL_ID) VALUES (58, '2023-05-10 14:00:14', '', 200, 200, 23694, 'image/jpeg', '/resources/image/a29', 'tb4dexhdxl0k37isp3dala86jjgrg7fg.jpg', 'False Alarm.jpg', '', null, '1ac71f3562e0858f7af556b3a1dee529');
INSERT INTO b_file(ID, TIMESTAMP_X, MODULE_ID, HEIGHT, WIDTH, FILE_SIZE, CONTENT_TYPE, SUBDIR, FILE_NAME, ORIGINAL_NAME, DESCRIPTION, HANDLER_ID, EXTERNAL_ID) VALUES (59, '2023-05-10 14:00:14', '', 0, 0, 7785645, 'audio/mpeg', '/resources/music/2d9', 'p2n4y1kkbnmgr3my2cnfie2cev9hrhhq.mp3', 'The Weeknd - False Alarm.mp3', '', null, '22e78f23ca87da469267bc05fff37ffe');
INSERT INTO b_file(ID, TIMESTAMP_X, MODULE_ID, HEIGHT, WIDTH, FILE_SIZE, CONTENT_TYPE, SUBDIR, FILE_NAME, ORIGINAL_NAME, DESCRIPTION, HANDLER_ID, EXTERNAL_ID) VALUES (60, '2023-05-10 14:00:57', '', 200, 200, 18944, 'image/jpeg', '/resources/image/7ac', '12bq9mm9h4o0bl5km5vzmhiim1v0671t.jpg', 'StarBoy.jpg', '', null, 'ed0cf5fb5204a959c218d3f2ea1f694d');
INSERT INTO b_file(ID, TIMESTAMP_X, MODULE_ID, HEIGHT, WIDTH, FILE_SIZE, CONTENT_TYPE, SUBDIR, FILE_NAME, ORIGINAL_NAME, DESCRIPTION, HANDLER_ID, EXTERNAL_ID) VALUES (61, '2023-05-10 14:00:57', '', 0, 0, 9222313, 'audio/mpeg', '/resources/music/f28', '7eiw8gq24jypgil2la6o8kby4buo6gtz.mp3', 'The Weeknd feat. Daft Punk - Starboy.mp3', '', null, 'e4553c44ddc41bca6c37f938d507388d');
INSERT INTO b_file(ID, TIMESTAMP_X, MODULE_ID, HEIGHT, WIDTH, FILE_SIZE, CONTENT_TYPE, SUBDIR, FILE_NAME, ORIGINAL_NAME, DESCRIPTION, HANDLER_ID, EXTERNAL_ID) VALUES (62, '2023-05-10 14:01:24', '', 200, 200, 88359, 'image/png', '/resources/image/123', 'z0ur18o5oi9fpsa2p1s3j5wv31o01gtb.png', 'Blinding Lights.png', '', null, '99d79f8f8ac99f66d7555ee2790ff0a0');
INSERT INTO b_file(ID, TIMESTAMP_X, MODULE_ID, HEIGHT, WIDTH, FILE_SIZE, CONTENT_TYPE, SUBDIR, FILE_NAME, ORIGINAL_NAME, DESCRIPTION, HANDLER_ID, EXTERNAL_ID) VALUES (63, '2023-05-10 14:01:24', '', 0, 0, 8066656, 'audio/mpeg', '/resources/music/5e3', 'wvfmn02ip8hny7cgzhyvu4z4g6lz562h.mp3', 'The Weeknd - Blinding Lights.mp3', '', null, '9935bbdb9e3f2df81d9c68af03bad48d');
INSERT INTO b_file(ID, TIMESTAMP_X, MODULE_ID, HEIGHT, WIDTH, FILE_SIZE, CONTENT_TYPE, SUBDIR, FILE_NAME, ORIGINAL_NAME, DESCRIPTION, HANDLER_ID, EXTERNAL_ID) VALUES (64, '2023-05-10 14:02:01', '', 200, 200, 13967, 'image/jpeg', '/resources/image/075', 'wr5k7creq9rvqr61ur21f77egbxc4v9p.jpg', 'CallOutMyName.jpg', '', null, '94a2ceeb5682380bb177ec7cc8abc2b2');
INSERT INTO b_file(ID, TIMESTAMP_X, MODULE_ID, HEIGHT, WIDTH, FILE_SIZE, CONTENT_TYPE, SUBDIR, FILE_NAME, ORIGINAL_NAME, DESCRIPTION, HANDLER_ID, EXTERNAL_ID) VALUES (65, '2023-05-10 14:02:01', '', 0, 0, 9138721, 'audio/mpeg', '/resources/music/cd6', 'h7mn9e7ymth1y9x2h7ewvi62274cyn16.mp3', 'The Weeknd - Call Out My Name.mp3', '', null, 'eae77503af62f7365dd9c60999a3bf1f');
INSERT INTO b_file(ID, TIMESTAMP_X, MODULE_ID, HEIGHT, WIDTH, FILE_SIZE, CONTENT_TYPE, SUBDIR, FILE_NAME, ORIGINAL_NAME, DESCRIPTION, HANDLER_ID, EXTERNAL_ID) VALUES (66, '2023-05-10 14:02:18', '', 200, 200, 10665, 'image/jpeg', '/resources/image/963', 'sjcu56bbit4quytgg229q1hkfn6olxj3.jpg', 'Профиль.jpg', '', null, 'de889c10335e08bfb4dba4273f138525');
INSERT INTO b_file(ID, TIMESTAMP_X, MODULE_ID, HEIGHT, WIDTH, FILE_SIZE, CONTENT_TYPE, SUBDIR, FILE_NAME, ORIGINAL_NAME, DESCRIPTION, HANDLER_ID, EXTERNAL_ID) VALUES (67, '2023-05-10 14:09:39', '', 200, 200, 16828, 'image/jpeg', '/resources/image/be8', 'sl1cdu75jz9ie6ulzeksx1yti5qrtg4f.jpg', '6 Suites (Sonatas) for Cello BWV1007-12, Suite No.1 in G .jpg', '', null, '14aec0977efef9f69e073893f158e93d');
INSERT INTO b_file(ID, TIMESTAMP_X, MODULE_ID, HEIGHT, WIDTH, FILE_SIZE, CONTENT_TYPE, SUBDIR, FILE_NAME, ORIGINAL_NAME, DESCRIPTION, HANDLER_ID, EXTERNAL_ID) VALUES (68, '2023-05-10 14:09:39', '', 0, 0, 2969809, 'audio/mpeg', '/resources/music/6d8', 'gq622yet512zfh7qiof1zviv0iotn502.mp3', '6 Suites (Sonatas) for Cello BWV1007-12, Suite No.1 in G .mp3', '', null, 'b0bdbdd3c5f226a884437d5029ae37f4');
INSERT INTO b_file(ID, TIMESTAMP_X, MODULE_ID, HEIGHT, WIDTH, FILE_SIZE, CONTENT_TYPE, SUBDIR, FILE_NAME, ORIGINAL_NAME, DESCRIPTION, HANDLER_ID, EXTERNAL_ID) VALUES (69, '2023-05-10 14:11:15', '', 200, 200, 21404, 'image/jpeg', '/resources/image/f51', 'ljs9zz4lx7xhlze8jtzx2se7xp6mm2n2.jpg', 'Bach Orchestral Suites - Suite No. 2 in B Minor, BWV 1067_ VII. Badinerie.jpg', '', null, 'f5a815af84e777512c19b65404707b19');
INSERT INTO b_file(ID, TIMESTAMP_X, MODULE_ID, HEIGHT, WIDTH, FILE_SIZE, CONTENT_TYPE, SUBDIR, FILE_NAME, ORIGINAL_NAME, DESCRIPTION, HANDLER_ID, EXTERNAL_ID) VALUES (70, '2023-05-10 14:11:15', '', 0, 0, 2293342, 'audio/mpeg', '/resources/music/67f', 'qpkkse2irzjim6xad24ghd299urhnw3t.mp3', 'Bach Orchestral Suites - Suite No. 2 in B Minor, BWV 1067_ VII. Badinerie.mp3', '', null, '4cdc9b31d5c86e18ebdc8370f4e13ee4');
INSERT INTO b_file(ID, TIMESTAMP_X, MODULE_ID, HEIGHT, WIDTH, FILE_SIZE, CONTENT_TYPE, SUBDIR, FILE_NAME, ORIGINAL_NAME, DESCRIPTION, HANDLER_ID, EXTERNAL_ID) VALUES (71, '2023-05-10 14:12:44', '', 200, 200, 12156, 'image/jpeg', '/resources/image/c0c', 'hxtbfedwqynr1cmr7gobzrwj4f0qe04b.jpg', 'Bach_ Favourite Organ Works - Toccata und Fuge d-moll BWV 565_ Toccata - 1992 Di.jpg', '', null, '946a327cc8174a57fdae5f7f4f9d4341');
INSERT INTO b_file(ID, TIMESTAMP_X, MODULE_ID, HEIGHT, WIDTH, FILE_SIZE, CONTENT_TYPE, SUBDIR, FILE_NAME, ORIGINAL_NAME, DESCRIPTION, HANDLER_ID, EXTERNAL_ID) VALUES (72, '2023-05-10 14:12:44', '', 0, 0, 3714612, 'audio/mpeg', '/resources/music/4bb', 'q0uf3yptemaaxip7zgz2srevf4axkb36.mp3', 'Bach_ Favourite Organ Works - Toccata und Fuge d-moll BWV 565_ Toccata - 1992 Di.mp3', '', null, 'eb3d7dbc73ea3ff24f8f01c0a172452a');
INSERT INTO b_file(ID, TIMESTAMP_X, MODULE_ID, HEIGHT, WIDTH, FILE_SIZE, CONTENT_TYPE, SUBDIR, FILE_NAME, ORIGINAL_NAME, DESCRIPTION, HANDLER_ID, EXTERNAL_ID) VALUES (73, '2023-05-10 14:13:03', '', 200, 200, 7183, 'image/jpeg', '/resources/image/794', 'h1gd8l2rptcphlyl1gnwymar8hq228te.jpg', 'The Most Relaxing Bach Album In The World. Ever! - J.S. Bach_ Air.jpg', '', null, '8fd338c7acf127670e6643ab9244018b');
INSERT INTO b_file(ID, TIMESTAMP_X, MODULE_ID, HEIGHT, WIDTH, FILE_SIZE, CONTENT_TYPE, SUBDIR, FILE_NAME, ORIGINAL_NAME, DESCRIPTION, HANDLER_ID, EXTERNAL_ID) VALUES (74, '2023-05-10 14:14:13', '', 200, 200, 21404, 'image/jpeg', '/resources/image/f51', 'ljs9zz4lx7xhlze8jtzx2se7xp6mm2n2.jpg', 'Bach Orchestral Suites - Suite No. 2 in B Minor, BWV 1067_ VII. Badinerie.jpg', '', null, '9a1124e0f69e6c65fa3c5b3206fce24d');
INSERT INTO b_file(ID, TIMESTAMP_X, MODULE_ID, HEIGHT, WIDTH, FILE_SIZE, CONTENT_TYPE, SUBDIR, FILE_NAME, ORIGINAL_NAME, DESCRIPTION, HANDLER_ID, EXTERNAL_ID) VALUES (75, '2023-05-10 14:14:13', '', 0, 0, 2293342, 'audio/mpeg', '/resources/music/67f', 'qpkkse2irzjim6xad24ghd299urhnw3t.mp3', 'Bach Orchestral Suites - Suite No. 2 in B Minor, BWV 1067_ VII. Badinerie.mp3', '', null, 'fc3ad676ec0ba4d828ac6524871c87db');
INSERT INTO b_file(ID, TIMESTAMP_X, MODULE_ID, HEIGHT, WIDTH, FILE_SIZE, CONTENT_TYPE, SUBDIR, FILE_NAME, ORIGINAL_NAME, DESCRIPTION, HANDLER_ID, EXTERNAL_ID) VALUES (76, '2023-05-10 14:17:07', '', 200, 200, 18788, 'image/jpeg', '/resources/image/1d9', '28ifqzcwp9wv8d5cr30xbcqh0icop75b.jpg', 'BackInBlack.jpg', '', null, 'ccbea9cfc9ff9f3be5c800af0df62fde');
INSERT INTO b_file(ID, TIMESTAMP_X, MODULE_ID, HEIGHT, WIDTH, FILE_SIZE, CONTENT_TYPE, SUBDIR, FILE_NAME, ORIGINAL_NAME, DESCRIPTION, HANDLER_ID, EXTERNAL_ID) VALUES (77, '2023-05-10 14:17:07', '', 0, 0, 10229595, 'audio/mpeg', '/resources/music/1b6', 't123ke693yyr5im1r0ximqgd01ndobif.mp3', 'AC_DC - Back In Black.mp3', '', null, '66bb657c65d020ec57aef9ece309517a');
INSERT INTO b_file(ID, TIMESTAMP_X, MODULE_ID, HEIGHT, WIDTH, FILE_SIZE, CONTENT_TYPE, SUBDIR, FILE_NAME, ORIGINAL_NAME, DESCRIPTION, HANDLER_ID, EXTERNAL_ID) VALUES (78, '2023-05-10 14:17:53', '', 200, 200, 27688, 'image/jpeg', '/resources/image/cee', 'suctq0ac4565h9c9vem4javzkfkze6en.jpg', 'BigGun.jpg', '', null, '3139bc213d5f866ba18fa48f9a9c82a9');
INSERT INTO b_file(ID, TIMESTAMP_X, MODULE_ID, HEIGHT, WIDTH, FILE_SIZE, CONTENT_TYPE, SUBDIR, FILE_NAME, ORIGINAL_NAME, DESCRIPTION, HANDLER_ID, EXTERNAL_ID) VALUES (79, '2023-05-10 14:17:53', '', 0, 0, 10381105, 'audio/mpeg', '/resources/music/34e', 'su4qwymulk6kfoafq60vtcjc4yf57bzm.mp3', 'AC_DC - Big Gun.mp3', '', null, '5fa461532aeb29ed6184dac543414a1e');
INSERT INTO b_file(ID, TIMESTAMP_X, MODULE_ID, HEIGHT, WIDTH, FILE_SIZE, CONTENT_TYPE, SUBDIR, FILE_NAME, ORIGINAL_NAME, DESCRIPTION, HANDLER_ID, EXTERNAL_ID) VALUES (80, '2023-05-10 14:18:24', '', 200, 200, 17166, 'image/jpeg', '/resources/image/5f4', 'k3vp17kgw5ww3cjwg1q11z1qo3we0xqc.jpg', 'HighWayToHell.jpg', '', null, '9c0d4661fbe44f796ec8c8aaf9eacc83');
INSERT INTO b_file(ID, TIMESTAMP_X, MODULE_ID, HEIGHT, WIDTH, FILE_SIZE, CONTENT_TYPE, SUBDIR, FILE_NAME, ORIGINAL_NAME, DESCRIPTION, HANDLER_ID, EXTERNAL_ID) VALUES (81, '2023-05-10 14:18:24', '', 0, 0, 8340419, 'audio/mpeg', '/resources/music/228', 'n6ra5whkk33djsizohdgzociehk7xjpz.mp3', 'AC_DC - Highway to Hell.mp3', '', null, '16a79092c7837bb38770ffb4e50cb1aa');
INSERT INTO b_file(ID, TIMESTAMP_X, MODULE_ID, HEIGHT, WIDTH, FILE_SIZE, CONTENT_TYPE, SUBDIR, FILE_NAME, ORIGINAL_NAME, DESCRIPTION, HANDLER_ID, EXTERNAL_ID) VALUES (82, '2023-05-10 14:18:58', '', 200, 200, 32518, 'image/jpeg', '/resources/image/a38', '3aiqw1lgh8dw07gyprs5dmyi760x9fzj.jpg', 'T.N.T-1200x765.jpg', '', null, '259596d882a15c23fb320ccb3aa8396f');
INSERT INTO b_file(ID, TIMESTAMP_X, MODULE_ID, HEIGHT, WIDTH, FILE_SIZE, CONTENT_TYPE, SUBDIR, FILE_NAME, ORIGINAL_NAME, DESCRIPTION, HANDLER_ID, EXTERNAL_ID) VALUES (83, '2023-05-10 14:18:58', '', 0, 0, 8564027, 'audio/mpeg', '/resources/music/fd1', '8gczzv0z9i30apa9bzaseeazslt1wlig.mp3', 'AC_DC - T.N.T.mp3', '', null, '973d863e308605a5af49bc25e90e8ff0');
INSERT INTO b_file(ID, TIMESTAMP_X, MODULE_ID, HEIGHT, WIDTH, FILE_SIZE, CONTENT_TYPE, SUBDIR, FILE_NAME, ORIGINAL_NAME, DESCRIPTION, HANDLER_ID, EXTERNAL_ID) VALUES (84, '2023-05-10 14:19:31', '', 200, 200, 17856, 'image/jpeg', '/resources/image/345', 'saexvn25l8w73o4ygl94qnfmdbx7gdqi.jpg', 'thunderstruck.jpg', '', null, 'e904f7a576d66bd4106e4d09fc9aed87');
INSERT INTO b_file(ID, TIMESTAMP_X, MODULE_ID, HEIGHT, WIDTH, FILE_SIZE, CONTENT_TYPE, SUBDIR, FILE_NAME, ORIGINAL_NAME, DESCRIPTION, HANDLER_ID, EXTERNAL_ID) VALUES (85, '2023-05-10 14:19:32', '', 0, 0, 11719619, 'audio/mpeg', '/resources/music/7b2', 'ftxt9uvjih42qsm37dn97wpij6mxgtsz.mp3', 'AC_DC - Thunderstruck.mp3', '', null, '9f5c60871ac288e84cdfe5643f03fb90');
INSERT INTO b_file(ID, TIMESTAMP_X, MODULE_ID, HEIGHT, WIDTH, FILE_SIZE, CONTENT_TYPE, SUBDIR, FILE_NAME, ORIGINAL_NAME, DESCRIPTION, HANDLER_ID, EXTERNAL_ID) VALUES (86, '2023-05-10 14:19:46', '', 200, 200, 18935, 'image/jpeg', '/resources/image/48e', 'ch26eauh7q1ldu9lrh1hnmb4k14k8ozu.jpg', 'Профиль.jpg', '', null, '512a4b85faa37483d629b33ee880e720');

INSERT INTO b_file_hash(FILE_ID, FILE_SIZE, FILE_HASH) VALUES (73, 7183, '2d8d9a16a2829f6bb381723f92365417');
INSERT INTO b_file_hash(FILE_ID, FILE_SIZE, FILE_HASH) VALUES (66, 10665, 'ca85156a82391890c3edd090b516df50');
INSERT INTO b_file_hash(FILE_ID, FILE_SIZE, FILE_HASH) VALUES (43, 11475, '32ea5b274305920d49cc3b373323ff7e');
INSERT INTO b_file_hash(FILE_ID, FILE_SIZE, FILE_HASH) VALUES (71, 12156, '5f447eefb651a27e43498117630b2268');
INSERT INTO b_file_hash(FILE_ID, FILE_SIZE, FILE_HASH) VALUES (39, 12562, '39e6afb2ecd65f7223fabbf8a579abd4');
INSERT INTO b_file_hash(FILE_ID, FILE_SIZE, FILE_HASH) VALUES (23, 13443, '96c1cc32037611a0095822f7d0218057');
INSERT INTO b_file_hash(FILE_ID, FILE_SIZE, FILE_HASH) VALUES (64, 13967, 'd4923a84a41a2455293e94a796f7b0c9');
INSERT INTO b_file_hash(FILE_ID, FILE_SIZE, FILE_HASH) VALUES (47, 14167, '28c94c1d9f95fd552de15e4a4627c9a3');
INSERT INTO b_file_hash(FILE_ID, FILE_SIZE, FILE_HASH) VALUES (36, 14185, '97ecd4ea4f9157879019533d44a431f3');
INSERT INTO b_file_hash(FILE_ID, FILE_SIZE, FILE_HASH) VALUES (41, 14345, 'ef5a3d09869b5c2669209b586d212b22');
INSERT INTO b_file_hash(FILE_ID, FILE_SIZE, FILE_HASH) VALUES (50, 15124, '7cc3c28bafa096e09fd3924ce4261208');
INSERT INTO b_file_hash(FILE_ID, FILE_SIZE, FILE_HASH) VALUES (55, 15660, 'a3da38e41abeb19ceb855847bdff2db9');
INSERT INTO b_file_hash(FILE_ID, FILE_SIZE, FILE_HASH) VALUES (52, 16774, 'f067480b6f5e51c73c341ae16eaa8629');
INSERT INTO b_file_hash(FILE_ID, FILE_SIZE, FILE_HASH) VALUES (67, 16828, '710f9403b7a1c4d8c76bcd51542bedaf');
INSERT INTO b_file_hash(FILE_ID, FILE_SIZE, FILE_HASH) VALUES (80, 17166, 'c7265bd5c9708299a1bc1362b4ae4717');
INSERT INTO b_file_hash(FILE_ID, FILE_SIZE, FILE_HASH) VALUES (48, 17173, '280cff9193c4dabfddcf8eb8e1dd991b');
INSERT INTO b_file_hash(FILE_ID, FILE_SIZE, FILE_HASH) VALUES (84, 17856, '44fb966e3d2c4e525ad67302d5b9b066');
INSERT INTO b_file_hash(FILE_ID, FILE_SIZE, FILE_HASH) VALUES (31, 18262, '685037cd5fdbf351634bedd257c79596');
INSERT INTO b_file_hash(FILE_ID, FILE_SIZE, FILE_HASH) VALUES (33, 18425, 'a3c8b5ecacc8be9e89abba994a4c21df');
INSERT INTO b_file_hash(FILE_ID, FILE_SIZE, FILE_HASH) VALUES (76, 18788, 'abf3d90a237360bbca4108f58a611775');
INSERT INTO b_file_hash(FILE_ID, FILE_SIZE, FILE_HASH) VALUES (86, 18935, '50c653fba30e8fd463ceb61c7da930d3');
INSERT INTO b_file_hash(FILE_ID, FILE_SIZE, FILE_HASH) VALUES (60, 18944, 'ed149b93df1801e6a590bc2f5c031161');
INSERT INTO b_file_hash(FILE_ID, FILE_SIZE, FILE_HASH) VALUES (15, 19873, '7d5df080143d19631ed32494dddd5b9a');
INSERT INTO b_file_hash(FILE_ID, FILE_SIZE, FILE_HASH) VALUES (9, 20385, '894ce75354f8b1ad02948e0dcb213505');
INSERT INTO b_file_hash(FILE_ID, FILE_SIZE, FILE_HASH) VALUES (69, 21404, '4dfc2fdd0b37468d67b56400961b4482');
INSERT INTO b_file_hash(FILE_ID, FILE_SIZE, FILE_HASH) VALUES (27, 21669, 'b99bd84a79a7c1cd2a793013f8c70ddb');
INSERT INTO b_file_hash(FILE_ID, FILE_SIZE, FILE_HASH) VALUES (29, 21788, '69b5e05aceda36336476d53eeac4f142');
INSERT INTO b_file_hash(FILE_ID, FILE_SIZE, FILE_HASH) VALUES (25, 22110, '229260fb6ed6170c15fe65eb6073ed8d');
INSERT INTO b_file_hash(FILE_ID, FILE_SIZE, FILE_HASH) VALUES (21, 22211, 'e2d5f2d5d442eca79f8b99d92b2b853a');
INSERT INTO b_file_hash(FILE_ID, FILE_SIZE, FILE_HASH) VALUES (14, 22400, 'e5c18c290c2bfc91caca1bdf3706df88');
INSERT INTO b_file_hash(FILE_ID, FILE_SIZE, FILE_HASH) VALUES (57, 22729, '15646183acf013c4458cc048f6985d98');
INSERT INTO b_file_hash(FILE_ID, FILE_SIZE, FILE_HASH) VALUES (37, 23283, 'f9b0fdf1ebb5cb4452bdf2a0c561a823');
INSERT INTO b_file_hash(FILE_ID, FILE_SIZE, FILE_HASH) VALUES (58, 23694, '6c18010983357f4f742611e662404605');
INSERT INTO b_file_hash(FILE_ID, FILE_SIZE, FILE_HASH) VALUES (8, 25902, 'user');
INSERT INTO b_file_hash(FILE_ID, FILE_SIZE, FILE_HASH) VALUES (78, 27688, '70559858078bcad579f8b72da134a349');
INSERT INTO b_file_hash(FILE_ID, FILE_SIZE, FILE_HASH) VALUES (45, 31322, 'abf36db5a87d35c76600424e2c6e892d');
INSERT INTO b_file_hash(FILE_ID, FILE_SIZE, FILE_HASH) VALUES (17, 31503, 'e93cefef455a14c75bd20faef4e80abd');
INSERT INTO b_file_hash(FILE_ID, FILE_SIZE, FILE_HASH) VALUES (82, 32518, '4e19b0b596afae854f062344eb009d43');
INSERT INTO b_file_hash(FILE_ID, FILE_SIZE, FILE_HASH) VALUES (19, 34946, 'f0c50024c49c5e8dffd0dddc738e1742');
INSERT INTO b_file_hash(FILE_ID, FILE_SIZE, FILE_HASH) VALUES (62, 88359, '9b9c3ed8a2081e992d374be2a871c4cf');
INSERT INTO b_file_hash(FILE_ID, FILE_SIZE, FILE_HASH) VALUES (1, 458845, 'logo');
INSERT INTO b_file_hash(FILE_ID, FILE_SIZE, FILE_HASH) VALUES (70, 2293342, '85d07f920e4a6fc5763e97c34a2a9ae4');
INSERT INTO b_file_hash(FILE_ID, FILE_SIZE, FILE_HASH) VALUES (28, 2309596, 'dbc868568ff9861858eccfa9bb4fa74b');
INSERT INTO b_file_hash(FILE_ID, FILE_SIZE, FILE_HASH) VALUES (68, 2969809, 'fd3c26ffc1e63b3c2280c707eb7e1b8c');
INSERT INTO b_file_hash(FILE_ID, FILE_SIZE, FILE_HASH) VALUES (72, 3714612, '2f2c4fbd0353c2de82f472f6b10c284c');
INSERT INTO b_file_hash(FILE_ID, FILE_SIZE, FILE_HASH) VALUES (46, 4146198, '30bae4aff0e838400f0f6da472f859f8');
INSERT INTO b_file_hash(FILE_ID, FILE_SIZE, FILE_HASH) VALUES (53, 4282376, '3695fe36e83af6fa7d82c8299d05bc73');
INSERT INTO b_file_hash(FILE_ID, FILE_SIZE, FILE_HASH) VALUES (40, 5105623, 'e7d0fa0606f3051c32d5c1a5a5126b4e');
INSERT INTO b_file_hash(FILE_ID, FILE_SIZE, FILE_HASH) VALUES (44, 5592757, 'e03bd6e66ce557d14868945ad492f57e');
INSERT INTO b_file_hash(FILE_ID, FILE_SIZE, FILE_HASH) VALUES (56, 5598585, '7a79de7f46af98e085881f5c8f3cb300');
INSERT INTO b_file_hash(FILE_ID, FILE_SIZE, FILE_HASH) VALUES (34, 5673271, 'fd2a12140beceae75cb07e98caeaf08b');
INSERT INTO b_file_hash(FILE_ID, FILE_SIZE, FILE_HASH) VALUES (42, 6687391, '40b8d5c45318f97eb65b116cbecd72db');
INSERT INTO b_file_hash(FILE_ID, FILE_SIZE, FILE_HASH) VALUES (26, 6768990, '86556821bb550beb7e09def78c24e133');
INSERT INTO b_file_hash(FILE_ID, FILE_SIZE, FILE_HASH) VALUES (49, 7081473, '7236080db3b991e017289aed97b8eb65');
INSERT INTO b_file_hash(FILE_ID, FILE_SIZE, FILE_HASH) VALUES (59, 7785645, '85d6249f5e8c9bfe5000481e6efedd38');
INSERT INTO b_file_hash(FILE_ID, FILE_SIZE, FILE_HASH) VALUES (63, 8066656, '40f8f61cf81a039f944eddaa5beda889');
INSERT INTO b_file_hash(FILE_ID, FILE_SIZE, FILE_HASH) VALUES (81, 8340419, 'fc3661d37ddcdf9f21551319d7df15b4');
INSERT INTO b_file_hash(FILE_ID, FILE_SIZE, FILE_HASH) VALUES (83, 8564027, '4d48bfd0468666625bda5ccc1afba6f8');
INSERT INTO b_file_hash(FILE_ID, FILE_SIZE, FILE_HASH) VALUES (18, 8920178, '8654c685ccc217a6e5d46a1537fa059a');
INSERT INTO b_file_hash(FILE_ID, FILE_SIZE, FILE_HASH) VALUES (65, 9138721, 'c9a67c03f9e53b173af195657f7bde6f');
INSERT INTO b_file_hash(FILE_ID, FILE_SIZE, FILE_HASH) VALUES (61, 9222313, '46e07604d926387ef83013228f09232c');
INSERT INTO b_file_hash(FILE_ID, FILE_SIZE, FILE_HASH) VALUES (24, 9732777, '0cee0d7ff4fefe2116cc69a048dde186');
INSERT INTO b_file_hash(FILE_ID, FILE_SIZE, FILE_HASH) VALUES (77, 10229595, 'e7a8acc7d1f5a62bfe455747a8b4f70f');
INSERT INTO b_file_hash(FILE_ID, FILE_SIZE, FILE_HASH) VALUES (79, 10381105, '92cc8a1c9e6bec84faf6ed8b4cf2298c');
INSERT INTO b_file_hash(FILE_ID, FILE_SIZE, FILE_HASH) VALUES (13, 10481664, '0b2e38f4b2f60c2dfbe2d949bab308c4');
INSERT INTO b_file_hash(FILE_ID, FILE_SIZE, FILE_HASH) VALUES (85, 11719619, 'a311968f4c28a9fb96e3f08ec7b0b8e8');
INSERT INTO b_file_hash(FILE_ID, FILE_SIZE, FILE_HASH) VALUES (30, 11869039, 'cbf97ed2567d8859f82c82a3d85e3466');
INSERT INTO b_file_hash(FILE_ID, FILE_SIZE, FILE_HASH) VALUES (20, 12719221, 'ab8bf18ecf1910cd06faada9681c6d78');
INSERT INTO b_file_hash(FILE_ID, FILE_SIZE, FILE_HASH) VALUES (38, 13407147, 'f5ab832d76846355419a9cfd04b5bab1');
INSERT INTO b_file_hash(FILE_ID, FILE_SIZE, FILE_HASH) VALUES (51, 14550247, 'ba85c917cc011ea1dc69a398039d3014');
INSERT INTO b_file_hash(FILE_ID, FILE_SIZE, FILE_HASH) VALUES (32, 15577382, '6e2d5a11ab3b092fdabb6c0d5edabea9');
INSERT INTO b_file_hash(FILE_ID, FILE_SIZE, FILE_HASH) VALUES (22, 17848899, '9cd6152007e9b18f592ca1169cc628e5');

INSERT INTO up_music_genre (ID, NAME, CODE) VALUES (1, 'Джаз', 'jaz');
INSERT INTO up_music_genre (ID, NAME, CODE) VALUES (2, 'Классика', 'classic');
INSERT INTO up_music_genre (ID, NAME, CODE) VALUES (3, 'Поп', 'pop');
INSERT INTO up_music_genre (ID, NAME, CODE) VALUES (4, 'Рок', 'rock');
INSERT INTO up_music_genre (ID, NAME, CODE) VALUES (5, 'Реп', 'rap');

INSERT INTO b_user(ID, TIMESTAMP_X, LOGIN, PASSWORD, CHECKWORD, ACTIVE, NAME, LAST_NAME, EMAIL, LAST_LOGIN, DATE_REGISTER, LID, PERSONAL_PROFESSION, PERSONAL_WWW, PERSONAL_ICQ, PERSONAL_GENDER, PERSONAL_BIRTHDATE, PERSONAL_PHOTO, PERSONAL_PHONE, PERSONAL_FAX, PERSONAL_MOBILE, PERSONAL_PAGER, PERSONAL_STREET, PERSONAL_MAILBOX, PERSONAL_CITY, PERSONAL_STATE, PERSONAL_ZIP, PERSONAL_COUNTRY, PERSONAL_NOTES, WORK_COMPANY, WORK_DEPARTMENT, WORK_POSITION, WORK_WWW, WORK_PHONE, WORK_FAX, WORK_PAGER, WORK_STREET, WORK_MAILBOX, WORK_CITY, WORK_STATE, WORK_ZIP, WORK_COUNTRY, WORK_PROFILE, WORK_LOGO, WORK_NOTES, ADMIN_NOTES, STORED_HASH, XML_ID, PERSONAL_BIRTHDAY, EXTERNAL_AUTH_ID, CHECKWORD_TIME, SECOND_NAME, CONFIRM_CODE, LOGIN_ATTEMPTS, LAST_ACTIVITY_DATE, AUTO_TIME_ZONE, TIME_ZONE, TIME_ZONE_OFFSET, TITLE, BX_USER_ID, LANGUAGE_ID, BLOCKED, PASSWORD_EXPIRED) VALUES (10, null, 'candy_dulfer', '$6$ayxutw4FAVN0jhba$VaGSYJKr7FEsVEF80MBEqRs0trwtUUmFqZP6uiSOLlfyHW2A2bRceZA4k0zUPsroAb2iboHRHyy97UOAdygV2.', '$6$b8k1cfwVkMY1tJLD$ehbztSrC4AchE/BhH3cD3FRJ3O6BVZw5Vujb0vYaMe16BClrh3Dp4/uv3MzqxZkb2S5OuHvLxJDHteA69G6jG0', 'Y', 'Кэнди Дюфлер', null, 'sweet5@gmail.com', '2023-05-10 12:59:28', '2023-05-10 12:59:28', 's1', null, null, null, '', null, 14, null, null, null, null, null, null, null, null, null, null, null, null, null, null, null, null, null, null, null, null, null, null, null, null, null, null, null, null, null, null, null, null, '2023-05-10 12:59:28', null, '', 0, null, '', null, null, null, null, 'ru', 'N', 'N');
INSERT INTO b_user(ID, TIMESTAMP_X, LOGIN, PASSWORD, CHECKWORD, ACTIVE, NAME, LAST_NAME, EMAIL, LAST_LOGIN, DATE_REGISTER, LID, PERSONAL_PROFESSION, PERSONAL_WWW, PERSONAL_ICQ, PERSONAL_GENDER, PERSONAL_BIRTHDATE, PERSONAL_PHOTO, PERSONAL_PHONE, PERSONAL_FAX, PERSONAL_MOBILE, PERSONAL_PAGER, PERSONAL_STREET, PERSONAL_MAILBOX, PERSONAL_CITY, PERSONAL_STATE, PERSONAL_ZIP, PERSONAL_COUNTRY, PERSONAL_NOTES, WORK_COMPANY, WORK_DEPARTMENT, WORK_POSITION, WORK_WWW, WORK_PHONE, WORK_FAX, WORK_PAGER, WORK_STREET, WORK_MAILBOX, WORK_CITY, WORK_STATE, WORK_ZIP, WORK_COUNTRY, WORK_PROFILE, WORK_LOGO, WORK_NOTES, ADMIN_NOTES, STORED_HASH, XML_ID, PERSONAL_BIRTHDAY, EXTERNAL_AUTH_ID, CHECKWORD_TIME, SECOND_NAME, CONFIRM_CODE, LOGIN_ATTEMPTS, LAST_ACTIVITY_DATE, AUTO_TIME_ZONE, TIME_ZONE, TIME_ZONE_OFFSET, TITLE, BX_USER_ID, LANGUAGE_ID, BLOCKED, PASSWORD_EXPIRED) VALUES (11, null, 'ella_fidj', '$6$38l7NNf5S0NORHKh$BzdFcb2v8PLhZunETNRCRvkHz8Jlwwq8x/3mNPLSyJu384WjtUSHUXgXlIB4XRGyYNKErK0jdFMlbg1VIgyNu.', '$6$rcn2wSqqGYsJLzH0$qq8SV0tthHwkZ9OZpvT56yN5ZSRZCzCKJZ8Fm8/qzRF0WFqaJjmpNLjydH5UKvlOA1ahVQK2kNUdkHYBXTEVH/', 'Y', 'Элла Фицжеральд', null, 'ella@mail.ru', '2023-05-10 13:36:33', '2023-05-10 13:36:32', 's1', null, null, null, '', null, 36, null, null, null, null, null, null, null, null, null, null, null, null, null, null, null, null, null, null, null, null, null, null, null, null, null, null, null, null, null, null, null, null, '2023-05-10 13:36:32', null, '', 0, null, '', null, null, null, null, 'ru', 'N', 'N');
INSERT INTO b_user(ID, TIMESTAMP_X, LOGIN, PASSWORD, CHECKWORD, ACTIVE, NAME, LAST_NAME, EMAIL, LAST_LOGIN, DATE_REGISTER, LID, PERSONAL_PROFESSION, PERSONAL_WWW, PERSONAL_ICQ, PERSONAL_GENDER, PERSONAL_BIRTHDATE, PERSONAL_PHOTO, PERSONAL_PHONE, PERSONAL_FAX, PERSONAL_MOBILE, PERSONAL_PAGER, PERSONAL_STREET, PERSONAL_MAILBOX, PERSONAL_CITY, PERSONAL_STATE, PERSONAL_ZIP, PERSONAL_COUNTRY, PERSONAL_NOTES, WORK_COMPANY, WORK_DEPARTMENT, WORK_POSITION, WORK_WWW, WORK_PHONE, WORK_FAX, WORK_PAGER, WORK_STREET, WORK_MAILBOX, WORK_CITY, WORK_STATE, WORK_ZIP, WORK_COUNTRY, WORK_PROFILE, WORK_LOGO, WORK_NOTES, ADMIN_NOTES, STORED_HASH, XML_ID, PERSONAL_BIRTHDAY, EXTERNAL_AUTH_ID, CHECKWORD_TIME, SECOND_NAME, CONFIRM_CODE, LOGIN_ATTEMPTS, LAST_ACTIVITY_DATE, AUTO_TIME_ZONE, TIME_ZONE, TIME_ZONE_OFFSET, TITLE, BX_USER_ID, LANGUAGE_ID, BLOCKED, PASSWORD_EXPIRED) VALUES (12, null, 'basta', '$6$Qe6sb1lTC2I6Bvqi$r.gZ71aJtioC7X7RPKFFcdHEJha/0.ChNGEO/NaYrRb5HKn3.U.SOtjdGptIoD8kInaslHhe4U9Dv8Ibz0qiM/', '$6$YZjyh0V7NvD3XRG4$x3ZmEEqvA7yRCgnZ9uUJX3n5iAObbU0yujGfFdAV.WD6ylr8ygMqDB2jGV/ActQH79nga2IKQ26cLL3lfFtRf0', 'Y', 'Баста', null, 'basta@basta.ru', '2023-05-10 13:44:35', '2023-05-10 13:44:35', 's1', null, null, null, '', null, 47, null, null, null, null, null, null, null, null, null, null, null, null, null, null, null, null, null, null, null, null, null, null, null, null, null, null, null, null, null, null, null, null, '2023-05-10 13:44:35', null, '', 0, null, '', null, null, null, null, 'ru', 'N', 'N');
INSERT INTO b_user(ID, TIMESTAMP_X, LOGIN, PASSWORD, CHECKWORD, ACTIVE, NAME, LAST_NAME, EMAIL, LAST_LOGIN, DATE_REGISTER, LID, PERSONAL_PROFESSION, PERSONAL_WWW, PERSONAL_ICQ, PERSONAL_GENDER, PERSONAL_BIRTHDATE, PERSONAL_PHOTO, PERSONAL_PHONE, PERSONAL_FAX, PERSONAL_MOBILE, PERSONAL_PAGER, PERSONAL_STREET, PERSONAL_MAILBOX, PERSONAL_CITY, PERSONAL_STATE, PERSONAL_ZIP, PERSONAL_COUNTRY, PERSONAL_NOTES, WORK_COMPANY, WORK_DEPARTMENT, WORK_POSITION, WORK_WWW, WORK_PHONE, WORK_FAX, WORK_PAGER, WORK_STREET, WORK_MAILBOX, WORK_CITY, WORK_STATE, WORK_ZIP, WORK_COUNTRY, WORK_PROFILE, WORK_LOGO, WORK_NOTES, ADMIN_NOTES, STORED_HASH, XML_ID, PERSONAL_BIRTHDAY, EXTERNAL_AUTH_ID, CHECKWORD_TIME, SECOND_NAME, CONFIRM_CODE, LOGIN_ATTEMPTS, LAST_ACTIVITY_DATE, AUTO_TIME_ZONE, TIME_ZONE, TIME_ZONE_OFFSET, TITLE, BX_USER_ID, LANGUAGE_ID, BLOCKED, PASSWORD_EXPIRED) VALUES (13, null, 'emem', '$6$vQsXW45DOQr8oAde$z0pK.OAUFtEjYPtMAzSWaGmZAp0dGeU67RfXZbNdEPDNWEpGeMvGeqGGtuOPQdkdtq9osPcghyEkCNkgHKh/e/', '$6$PafmUc0O1I2UvJ15$GHm8GtNecCRtY/T6epVXYzTVeZ6krCfu2zYWnAZNF6098Mk0U5/bWCVii69VmyLvNiDFpfkLreoeXSHuHP8a7.', 'Y', 'Eminem', null, 'eminem@gaus.ru', '2023-05-10 13:52:38', '2023-05-10 13:52:38', 's1', null, null, null, '', null, 57, null, null, null, null, null, null, null, null, null, null, null, null, null, null, null, null, null, null, null, null, null, null, null, null, null, null, null, null, null, null, null, null, '2023-05-10 13:52:38', null, '', 0, null, '', null, null, null, null, 'ru', 'N', 'N');
INSERT INTO b_user(ID, TIMESTAMP_X, LOGIN, PASSWORD, CHECKWORD, ACTIVE, NAME, LAST_NAME, EMAIL, LAST_LOGIN, DATE_REGISTER, LID, PERSONAL_PROFESSION, PERSONAL_WWW, PERSONAL_ICQ, PERSONAL_GENDER, PERSONAL_BIRTHDATE, PERSONAL_PHOTO, PERSONAL_PHONE, PERSONAL_FAX, PERSONAL_MOBILE, PERSONAL_PAGER, PERSONAL_STREET, PERSONAL_MAILBOX, PERSONAL_CITY, PERSONAL_STATE, PERSONAL_ZIP, PERSONAL_COUNTRY, PERSONAL_NOTES, WORK_COMPANY, WORK_DEPARTMENT, WORK_POSITION, WORK_WWW, WORK_PHONE, WORK_FAX, WORK_PAGER, WORK_STREET, WORK_MAILBOX, WORK_CITY, WORK_STATE, WORK_ZIP, WORK_COUNTRY, WORK_PROFILE, WORK_LOGO, WORK_NOTES, ADMIN_NOTES, STORED_HASH, XML_ID, PERSONAL_BIRTHDAY, EXTERNAL_AUTH_ID, CHECKWORD_TIME, SECOND_NAME, CONFIRM_CODE, LOGIN_ATTEMPTS, LAST_ACTIVITY_DATE, AUTO_TIME_ZONE, TIME_ZONE, TIME_ZONE_OFFSET, TITLE, BX_USER_ID, LANGUAGE_ID, BLOCKED, PASSWORD_EXPIRED) VALUES (14, null, 'weeknd', '$6$d4gwn3kevQR63kbU$HxbdOuzPMb0/vPNs.7eSR2/QVz9Q9mgR3OIq/xE8jH18/G1oBBAfUrUfm5ULCjcTXiUjlSpjqRn2gYiIKqt5R1', '$6$ZwHbob437EOANkbl$qLxA6AVvm0TPRYob2P1S.9GrPrwolx2afb2poyzZ4mEw0.lNXVIzz5McPf7PcEPOKLQB77O/Jj5ZDxulxwuSZ.', 'Y', 'The Weeknd', null, 'weeknd@gmail.com', '2023-05-10 13:59:23', '2023-05-10 13:59:23', 's1', null, null, null, '', null, 66, null, null, null, null, null, null, null, null, null, null, null, null, null, null, null, null, null, null, null, null, null, null, null, null, null, null, null, null, null, null, null, null, '2023-05-10 13:59:23', null, '', 0, null, '', null, null, null, null, 'ru', 'N', 'N');
INSERT INTO b_user(ID, TIMESTAMP_X, LOGIN, PASSWORD, CHECKWORD, ACTIVE, NAME, LAST_NAME, EMAIL, LAST_LOGIN, DATE_REGISTER, LID, PERSONAL_PROFESSION, PERSONAL_WWW, PERSONAL_ICQ, PERSONAL_GENDER, PERSONAL_BIRTHDATE, PERSONAL_PHOTO, PERSONAL_PHONE, PERSONAL_FAX, PERSONAL_MOBILE, PERSONAL_PAGER, PERSONAL_STREET, PERSONAL_MAILBOX, PERSONAL_CITY, PERSONAL_STATE, PERSONAL_ZIP, PERSONAL_COUNTRY, PERSONAL_NOTES, WORK_COMPANY, WORK_DEPARTMENT, WORK_POSITION, WORK_WWW, WORK_PHONE, WORK_FAX, WORK_PAGER, WORK_STREET, WORK_MAILBOX, WORK_CITY, WORK_STATE, WORK_ZIP, WORK_COUNTRY, WORK_PROFILE, WORK_LOGO, WORK_NOTES, ADMIN_NOTES, STORED_HASH, XML_ID, PERSONAL_BIRTHDAY, EXTERNAL_AUTH_ID, CHECKWORD_TIME, SECOND_NAME, CONFIRM_CODE, LOGIN_ATTEMPTS, LAST_ACTIVITY_DATE, AUTO_TIME_ZONE, TIME_ZONE, TIME_ZONE_OFFSET, TITLE, BX_USER_ID, LANGUAGE_ID, BLOCKED, PASSWORD_EXPIRED) VALUES (15, null, 'bach', '$6$G5Hene79YlVb87on$IlWBrFneYOe7IeS9tMhY6ySiJ/4kf0EVx3eqwKFRrbvgRi6VyLjcEpNTpwTQEw0efT.9BfDYSX0jcQmzVc2Kr.', '$6$0BoggcRoS80sjnsl$Z1CXBql7WVNTUY8gb29pF2JDGTW6fiPRRXTIE7e6GuChQPUaUfuulOyibjusCZI9GwoooJszgHrCXD9FlLxL/1', 'Y', 'Иоган Бах', null, 'bach@gmail.com', '2023-05-10 14:08:04', '2023-05-10 14:08:04', 's1', null, null, null, '', null, 73, null, null, null, null, null, null, null, null, null, null, null, null, null, null, null, null, null, null, null, null, null, null, null, null, null, null, null, null, null, null, null, null, '2023-05-10 14:08:04', null, '', 0, null, '', null, null, null, null, 'ru', 'N', 'N');
INSERT INTO b_user(ID, TIMESTAMP_X, LOGIN, PASSWORD, CHECKWORD, ACTIVE, NAME, LAST_NAME, EMAIL, LAST_LOGIN, DATE_REGISTER, LID, PERSONAL_PROFESSION, PERSONAL_WWW, PERSONAL_ICQ, PERSONAL_GENDER, PERSONAL_BIRTHDATE, PERSONAL_PHOTO, PERSONAL_PHONE, PERSONAL_FAX, PERSONAL_MOBILE, PERSONAL_PAGER, PERSONAL_STREET, PERSONAL_MAILBOX, PERSONAL_CITY, PERSONAL_STATE, PERSONAL_ZIP, PERSONAL_COUNTRY, PERSONAL_NOTES, WORK_COMPANY, WORK_DEPARTMENT, WORK_POSITION, WORK_WWW, WORK_PHONE, WORK_FAX, WORK_PAGER, WORK_STREET, WORK_MAILBOX, WORK_CITY, WORK_STATE, WORK_ZIP, WORK_COUNTRY, WORK_PROFILE, WORK_LOGO, WORK_NOTES, ADMIN_NOTES, STORED_HASH, XML_ID, PERSONAL_BIRTHDAY, EXTERNAL_AUTH_ID, CHECKWORD_TIME, SECOND_NAME, CONFIRM_CODE, LOGIN_ATTEMPTS, LAST_ACTIVITY_DATE, AUTO_TIME_ZONE, TIME_ZONE, TIME_ZONE_OFFSET, TITLE, BX_USER_ID, LANGUAGE_ID, BLOCKED, PASSWORD_EXPIRED) VALUES (16, null, 'ac_dc', '$6$nbSe5rotA91dxfvT$TLOLdB8Nz0dv/JHkZHPqvaudkXerJDt8MCdB4lxVHYkXLqvry6mC.9OzTph6LkRTfwvw9bKl98QS/2eLoIh1n/', '$6$c8393UEAqvkVuJaf$C2UyNsNtRROJmykwI3H7w5E1Jiu5PyKPycAcOBp49mmU3I9PjEydvbYDW2ukfra8t6UY5i4PDPH87H93UOL2V1', 'Y', 'AC_DC', null, 'acdc@acdc.ru', '2023-05-10 14:16:25', '2023-05-10 14:16:25', 's1', null, null, null, '', null, 86, null, null, null, null, null, null, null, null, null, null, null, null, null, null, null, null, null, null, null, null, null, null, null, null, null, null, null, null, null, null, null, null, '2023-05-10 14:16:25', null, '', 0, null, '', null, null, null, null, 'ru', 'N', 'N');

INSERT INTO up_music_music(ID, TITLE, DESCRIPTION, IMAGE_ID, MUSIC_ID, CREATE_DATE, USER_ID, GENRE_ID) VALUES (36, 'Lili was here', 'Вспомни. Можешь сказать, знаешь ли ты. Когда она лжёт. Помнишь ли ты, когда Лили была здесь той ночью. Каждый поцелуй, прикосновение, каждый день. Она была там, но ты её отверг. Оглянись и ты найдешь её в своём сердце', 15, 16, '2023-05-10 12:29:07', 10, 1);
INSERT INTO up_music_music(ID, TITLE, DESCRIPTION, IMAGE_ID, MUSIC_ID, CREATE_DATE, USER_ID, GENRE_ID) VALUES (37, 'Hold up', 'Кэнди Далфер начала учиться музыке в семь лет, в 14 уже организовала собственную команду “Funky Stuff”. В музыке она всегда стремилась держаться на волне времени, однако не позволяла новым тенденциям диктовать свой стиль. ', 17, 18, '2023-05-10 12:30:05', 10, 1);
INSERT INTO up_music_music(ID, TITLE, DESCRIPTION, IMAGE_ID, MUSIC_ID, CREATE_DATE, USER_ID, GENRE_ID) VALUES (38, 'Out of time', 'Кэнди Далфер начала учиться музыке в семь лет, в 14 уже организовала собственную команду “Funky Stuff”. В музыке она всегда стремилась держаться на волне времени, однако не позволяла новым тенденциям диктовать свой стиль. ', 19, 20, '2023-05-10 12:30:50', 10, 1);
INSERT INTO up_music_music(ID, TITLE, DESCRIPTION, IMAGE_ID, MUSIC_ID, CREATE_DATE, USER_ID, GENRE_ID) VALUES (39, 'Sunday afternoon', 'Кэнди Далфер начала учиться музыке в семь лет, в 14 уже организовала собственную команду “Funky Stuff”. В музыке она всегда стремилась держаться на волне времени, однако не позволяла новым тенденциям диктовать свой стиль. ', 21, 22, '2023-05-10 12:31:21', 10, 1);
INSERT INTO up_music_music(ID, TITLE, DESCRIPTION, IMAGE_ID, MUSIC_ID, CREATE_DATE, USER_ID, GENRE_ID) VALUES (40, 'Friday jaz', 'Кэнди Далфер начала учиться музыке в семь лет, в 14 уже организовала собственную команду “Funky Stuff”. В музыке она всегда стремилась держаться на волне времени, однако не позволяла новым тенденциям диктовать свой стиль. ', 23, 24, '2023-05-10 12:33:58', 10, 1);
INSERT INTO up_music_music(ID, TITLE, DESCRIPTION, IMAGE_ID, MUSIC_ID, CREATE_DATE, USER_ID, GENRE_ID) VALUES (41, 'Мой смешной Валентин', 'Любимый, забавный Валентин', 25, 26, '2023-05-10 12:39:09', 11, 1);
INSERT INTO up_music_music(ID, TITLE, DESCRIPTION, IMAGE_ID, MUSIC_ID, CREATE_DATE, USER_ID, GENRE_ID) VALUES (42, 'Морозный снеговик', 'Морозный снеговик был весёлой, счастливой душой', 27, 28, '2023-05-10 12:40:00', 11, 1);
INSERT INTO up_music_music(ID, TITLE, DESCRIPTION, IMAGE_ID, MUSIC_ID, CREATE_DATE, USER_ID, GENRE_ID) VALUES (43, 'Летний день', 'Эта жизнь так прекрасна', 29, 30, '2023-05-10 12:40:26', 11, 1);
INSERT INTO up_music_music(ID, TITLE, DESCRIPTION, IMAGE_ID, MUSIC_ID, CREATE_DATE, USER_ID, GENRE_ID) VALUES (44, 'Сент-Луис-блюз', 'Не могу смотреть, как этим вечером заходит солнце.', 31, 32, '2023-05-10 12:41:00', 11, 1);
INSERT INTO up_music_music(ID, TITLE, DESCRIPTION, IMAGE_ID, MUSIC_ID, CREATE_DATE, USER_ID, GENRE_ID) VALUES (45, 'Подожди, пока не увидишь его', 'Подожди, пока не увидишь его. Посмотри, как он выглядит. Подожди, пока не услышишь, как он смеется.', 33, 34, '2023-05-10 12:41:37', 11, 1);
INSERT INTO up_music_music(ID, TITLE, DESCRIPTION, IMAGE_ID, MUSIC_ID, CREATE_DATE, USER_ID, GENRE_ID) VALUES (46, 'Медлячок', 'Медлячок, чтобы ты заплакала.', 37, 38, '2023-05-10 12:47:27', 12, 3);
INSERT INTO up_music_music(ID, TITLE, DESCRIPTION, IMAGE_ID, MUSIC_ID, CREATE_DATE, USER_ID, GENRE_ID) VALUES (47, 'Осень', 'Болит душа от потерь, верю я - ты тоже верь.', 39, 40, '2023-05-10 12:48:06', 12, 3);
INSERT INTO up_music_music(ID, TITLE, DESCRIPTION, IMAGE_ID, MUSIC_ID, CREATE_DATE, USER_ID, GENRE_ID) VALUES (48, 'Райские яблоки', 'Я когда-то умру - мы когда-то всегда умираем', 41, 42, '2023-05-10 12:49:44', 12, 3);
INSERT INTO up_music_music(ID, TITLE, DESCRIPTION, IMAGE_ID, MUSIC_ID, CREATE_DATE, USER_ID, GENRE_ID) VALUES (49, 'Так плачет весна', 'В вечернем городе сны Его улицы спят, но я верю, что мои слова к тебе долетят.', 43, 44, '2023-05-10 12:50:28', 12, 3);
INSERT INTO up_music_music(ID, TITLE, DESCRIPTION, IMAGE_ID, MUSIC_ID, CREATE_DATE, USER_ID, GENRE_ID) VALUES (50, 'Твоя любовь - кино', 'Иду по улице бесцельно в никуда. На улице тепло, но внутри меня зима.', 45, 46, '2023-05-10 12:51:06', 12, 3);
INSERT INTO up_music_music(ID, TITLE, DESCRIPTION, IMAGE_ID, MUSIC_ID, CREATE_DATE, USER_ID, GENRE_ID) VALUES (51, 'Именно мы сделали тебя таким', 'Как только ты переступил порог, мне стало ясно, что все тебя обожают и пришли на тебя посмотреть!', 48, 49, '2023-05-10 12:53:37', 13, 5);
INSERT INTO up_music_music(ID, TITLE, DESCRIPTION, IMAGE_ID, MUSIC_ID, CREATE_DATE, USER_ID, GENRE_ID) VALUES (52, 'Бог рэпа', 'Я начинаю чувствовать себя Рэп-Богом, Богом рэпа.', 50, 51, '2023-05-10 12:54:03', 13, 5);
INSERT INTO up_music_music(ID, TITLE, DESCRIPTION, IMAGE_ID, MUSIC_ID, CREATE_DATE, USER_ID, GENRE_ID) VALUES (53, 'Об Стену', 'Не важно, что говорят люди', 52, 53, '2023-05-10 12:54:31', 13, 5);
INSERT INTO up_music_music(ID, TITLE, DESCRIPTION, IMAGE_ID, MUSIC_ID, CREATE_DATE, USER_ID, GENRE_ID) VALUES (54, 'Не боюсь', 'Я не боюсь занять твёрдую позицию', 55, 56, '2023-05-10 12:55:47', 13, 5);
INSERT INTO up_music_music(ID, TITLE, DESCRIPTION, IMAGE_ID, MUSIC_ID, CREATE_DATE, USER_ID, GENRE_ID) VALUES (55, 'False Alarm', 'Песня канадского певца the Weeknd с его третьего студийного альбома Starboy.', 58, 59, '2023-05-10 13:00:14', 14, 3);
INSERT INTO up_music_music(ID, TITLE, DESCRIPTION, IMAGE_ID, MUSIC_ID, CREATE_DATE, USER_ID, GENRE_ID) VALUES (56, 'Starboy', '«Starboy» была выпущена вслед за анонсом альбома', 60, 61, '2023-05-10 13:00:57', 14, 3);
INSERT INTO up_music_music(ID, TITLE, DESCRIPTION, IMAGE_ID, MUSIC_ID, CREATE_DATE, USER_ID, GENRE_ID) VALUES (57, 'Blinding Lights', 'Достигла первого места в чартах более тридцати стран мира, включая США и Канаду', 62, 63, '2023-05-10 13:01:24', 14, 3);
INSERT INTO up_music_music(ID, TITLE, DESCRIPTION, IMAGE_ID, MUSIC_ID, CREATE_DATE, USER_ID, GENRE_ID) VALUES (58, 'CallOutMyName', '2 апреля 2018 года было выпущено лирическое видео', 64, 65, '2023-05-10 13:02:01', 14, 3);
INSERT INTO up_music_music(ID, TITLE, DESCRIPTION, IMAGE_ID, MUSIC_ID, CREATE_DATE, USER_ID, GENRE_ID) VALUES (59, '6 соната', 'Соната, написанная для клавишных Иоганном Кристофом Фридрихом Бахом', 67, 68, '2023-05-10 13:09:39', 15, 2);
INSERT INTO up_music_music(ID, TITLE, DESCRIPTION, IMAGE_ID, MUSIC_ID, CREATE_DATE, USER_ID, GENRE_ID) VALUES (60, 'Соната 2 ', 'Тон Копман. Альбом J.S. Bach: Orgel- und Cembalowerke, Kammermusik, Motetten', 69, 70, '2023-05-10 13:11:15', 15, 2);
INSERT INTO up_music_music(ID, TITLE, DESCRIPTION, IMAGE_ID, MUSIC_ID, CREATE_DATE, USER_ID, GENRE_ID) VALUES (61, 'Токката и фуга ре минор', 'Произведение для органа Иоганна Себастьяна Баха, одно из наиболее популярных его сочинений.', 71, 72, '2023-05-10 13:12:44', 15, 2);
INSERT INTO up_music_music(ID, TITLE, DESCRIPTION, IMAGE_ID, MUSIC_ID, CREATE_DATE, USER_ID, GENRE_ID) VALUES (62, '2 соната', 'Тон Копман. Альбом J.S. Bach: Orgel- und Cembalowerke, Kammermusik, Motetten', 74, 75, '2023-05-10 13:14:13', 15, 2);
INSERT INTO up_music_music(ID, TITLE, DESCRIPTION, IMAGE_ID, MUSIC_ID, CREATE_DATE, USER_ID, GENRE_ID) VALUES (63, 'Back in Black', 'Знаменитая песня австралийской группы AC/DC. Была выпущена на одноименном альбоме в 1980 году.', 76, 77, '2023-05-10 13:17:07', 16, 4);
INSERT INTO up_music_music(ID, TITLE, DESCRIPTION, IMAGE_ID, MUSIC_ID, CREATE_DATE, USER_ID, GENRE_ID) VALUES (64, 'Big Gun', 'Видеоклип к песне был снят в Brixton Academy в Лондоне 17 августа 1990 года.', 78, 79, '2023-05-10 13:17:53', 16, 4);
INSERT INTO up_music_music(ID, TITLE, DESCRIPTION, IMAGE_ID, MUSIC_ID, CREATE_DATE, USER_ID, GENRE_ID) VALUES (65, 'Highway to hell', 'Песня Highway to Hell победила в номинации «Самая играемая австралийская работа за рубежом» на церемонии вручения премии APRA Awards 2009 года.', 80, 81, '2023-05-10 13:18:24', 16, 4);
INSERT INTO up_music_music(ID, TITLE, DESCRIPTION, IMAGE_ID, MUSIC_ID, CREATE_DATE, USER_ID, GENRE_ID) VALUES (66, 'TNT', 'На песню был снят видеоклип (режиссёр — Дэвид Малле).', 82, 83, '2023-05-10 13:18:58', 16, 4);
INSERT INTO up_music_music(ID, TITLE, DESCRIPTION, IMAGE_ID, MUSIC_ID, CREATE_DATE, USER_ID, GENRE_ID) VALUES (67, 'Thunderstruck', 'Была включена в австралийский релиз одноименного альбома (1975) и в международный релиз альбома High Voltage (1976).', 84, 85, '2023-05-10 13:19:32', 16, 4);